id,title
1,大世界扭蛋机
2,让子弹飞
3,扬名立万
4,新神榜：杨戬
5,大世界扭蛋机 · 特别篇：明日之后
6,交换人生
7,温暖的抱抱
8,哪吒之魔童闹海
9,坚如磐石
10,流浪地球2
11,功夫
12,罗小黑战记
13,四海
14,夺冠
15,新神榜：哪吒重生
16,明日生存指南
17,喜羊羊与灰太狼之筐出未来
18,疯狂的赛车
19,白蛇2：青蛇劫起
20,万万没想到
21,飞驰人生
22,全职高手之巅峰荣耀
23,武林外传
24,深海
25,狙击手
26,中国乒乓之绝地反击
27,姜子牙
28,一秒钟
29,抓娃娃
30,八佰
31,夏洛特烦恼
32,飞驰人生2
33,叶问
34,《不破不立》——哪吒之魔童闹海幕后纪录片
35,长江七号
36,请别相信她
37,年会不能停！
38,天书奇谭
39,孤注一掷
40,周处除三害
41,中国惊奇先生
42,明日战记
43,白蛇传·情
44,战狼
45,落凡尘
46,人在囧途
47,宇宙探索编辑部
48,唐探1900
49,三大队
50,绣春刀
51,无名
52,热辣滚烫
53,建国大业
54,龙门飞甲
55,百鸟朝凤
56,妙先生
57,第二十条
58,金手指
59,非诚勿扰3
60,一代宗师
61,我们的冬奥
62,肆式青春
63,1917
64,无人区
65,烈日灼心
66,白蛇：浮生
67,盒中之海
68,毒战
69,默杀
70,有完没完
71,好东西
72,红海行动
73,建党伟业
74,无名之辈
75,东成西就2011
76,特殊身份
77,太阳照常升起
78,毒舌律师
79,超时空同居
80,变形金刚4：绝迹重生
81,爱很美味
82,枪王之王
83,末路狂花钱
84,明月几时有
85,扫毒
86,大世界扭蛋机2
87,误杀3
88,Hello！树先生
89,建军大业
90,变形金刚5：最后的骑士
91,我才不要和你做朋友呢
92,少年的你
93,霸王别姬
94,甲方乙方
95,海关战线
96,胜券在握
97,将错就错
98,寒战
99,头脑特工队2
100,从21世纪安全撤离
101,盲探
102,异人之下
103,红毯先生
104,无双
105,前任4：英年早婚
106,涉过愤怒的海
107,逆行人生
108,风平浪静
109,功夫熊猫3
110,扫毒2天地对决
111,绣春刀II：修罗战场
112,警察故事2013
113,1950他们正年轻
114,江湖论剑实录
115,金陵神捕
116,猩球崛起：新世界
117,搜救
118,母鸡
119,毒液：致命守护者 
120,749局
121,碟中谍6：全面瓦解
122,追龙
123,导火线
124,一直游到海水变蓝
125,大耳朵图图之霸王龙在行动
126,我不是王毛
127,志愿军：存亡之战
128,天机·富春山居图
129,白鹿原
130,我在故宫修文物大电影
131,十二公民
132,我的1919
133,第十一回
134,尺八·一声一世
135,云边有个小卖部
136, 93国际列车大劫案：莫斯科行动
137,黄金大劫案
138,追龙Ⅱ
139,小小的我
140,有话好好说
141,无价之宝
142,开心超人
143,河边的错误
144,寻龙诀
145,茶馆
146,金刚：骷髅岛
147,十月围城
148,巨齿鲨
149,功夫之王
150,魔兽
151,白日焰火
152,蒸发太平洋
153,后会无期
154,再见，李可乐
155,走走停停
156,杀破狼·贪狼
157,大黄蜂
158,了不起的夜晚
159,好像也没那么热血沸腾
160,大事件
161,大雨
162,里斯本丸沉没
163,情癫大圣
164,二手杰作
165,斗牛
166,小兵张嘎
167,智取威虎山
168,窃听风云3
169,精武英雄
170,二十二
171,立春
172,大闹天宫
173,孤岛惊魂
174,青春派
175,重生
176,射雕英雄传：侠之大者
177,战国
178,大武生
179,加菲猫家族
180,霍元甲
181,龙之谷：破晓奇兵
182,大话西游之大圣娶亲
183,河东狮吼2
184,开心超人之英雄的心
185,饭局也疯狂
186,焚城
187,速度与激情7
188,卧虎藏龙
189,水
190,无尽攀登
191,辛亥革命
192,魔法坏女巫
193,神奇侠侣
194,非诚勿扰
195,好命先生
196,北京遇上西雅图
197,移情高手
198,大耳朵图图之美食狂想曲
199,神奇女侠
200,维和防暴队
201,野马分鬃
202,云霄之上
203,太极张三丰
204,生化危机：终章
205,攻壳机动队
206,伞少女
207,一八九四·甲午大海战
208,非诚勿扰2
209,全民目击
210,龙虎门
211,叶问：终极一战
212,你好，我的银色恋人
213,钱学森
214,来福大酒店
215,秦颂
216,京城81号
217,寻汉计
218,解密
219,“骗骗”喜欢你
220,新大头儿子和小头爸爸之秘密计划
221,逆鳞
222,窃听风云
223,谈判专家
224,硬汉2：奉陪到底
225,地道战
226,一闪一闪亮星星
227,朝云暮雨
228,湄公河行动
229,潜行
230,人民万岁
231,海的尽头是草原
232,不二神探
233,虹猫蓝兔火凤凰
234,钢的琴
235,三笑之才子佳人
236,蛋炒饭
237,一代妖后
238,拯救嫌疑人
239,东京审判
240,向着明亮那方
241,新步步惊心
242,碟中谍3
243,激战
244,观音山
245,寻找莹颖
246,扫黑·决不放弃
247,狗阵
248,瞒天过海
249,一场风花雪月的事
250,无负今日
251,照明商店
252,不见不散
253,包氏父子
254,搞定岳父大人
255,忍者神龟2：破影而出
256,笔仙2
257,大话西游之月光宝盒
258,杀破狼2
259,祝福
260,反贪风暴
261,荆轲刺秦王
262,我是，你会歧视我吗？
263,浴火之路
264,拆弹专家
265,珠峰队长
266,冰封：重生之门
267,风暴
268,没事偷着乐
269,一条狗的使命2
270,魔警
271,张震讲故事之鬼迷心窍
272,喜羊羊与灰太狼之守护
273,第一次
274,催眠大师
275,过年
276,恐怖游泳馆
277,断刀客
278,姗姗来迟
279,使命
280,速度与激情8
281,敢死队2
282,地雷战
283,盘丝洞
284,大场面
285,解救吾先生
286,危险关系
287,一雪前耻
288,小蝌蚪找妈妈
289,滚蛋吧，大魔王！
290,武圣关公
291,痞子英雄之全面开战
292,擒爱记
293,英雄儿女
294,出走的决心
295,乔妍的心事
296,万箭穿心
297,西风烈
298,大学
299,红娘
300,食人虫
301,草木人间
302,夜孔雀
303,金刚王：死亡救赎
304,大魔术师
305,比利·林恩的中场战事
306,心理罪之城市之光
307,刺猬
308,大上海
309,神鬼不灵
310,我的青春期
311,刑警兄弟
312,金猴降妖
313,方世玉续集
314,封神第二部：战火西岐
315,刘三姐
316,东邪西毒：终极版
317,三国之见龙卸甲
318,搜索
319,窃听风云2
320,谍影重重5
321,穿过月亮的旅行
322,麦兜·我和我妈妈
323,神话继续-《封神第二部》电影幕后纪录片
324,新木乃伊 
325,财神客栈
326,邪神祭
327,开心超人之时空营救
328,诗人
329,大笑江湖
330,白银帝国
331,“炼”爱
332,猪猪侠大电影·星际行动
333,夜闯寡妇村
334,左右
335,罗曼蒂克消亡史
336,宝莲灯
337,柳如是
338,小鲤鱼跳龙门
339,忠烈杨家将
340,铁道游击队
341,超验骇客
342,血战台儿庄
343,对岸
344,银河写手
345,永失我爱
346,老狗
347,八月未央
348,火烧圆明园
349,蜘蛛夫人：超感觉醒
350,望道
351,一路惊喜
352,敢梦敢当
353,像素大战
354,全城高考
355,浮城大亨
356,不能流泪的悲伤
357,盟军敢死队
358,周恩来的四个昼夜
359,驴得水
360,四大名捕大结局
361,手机
362,骄傲的将军
363,冲破黑暗
364,狂吻俄罗斯
365,喊·山
366,大撒把
367,福尔摩斯与中国女侠
368,奇袭
369,警察日记
370,百团大战
371,一刀倾城
372,十全九美
373,根本停不下来
374,侠探杰克：永不回头
375,四大名捕
376,沙漏
377,重来
378,整容日记
379,101次求婚
380,笔仙
381,枪缨润物
382,欢迎来到我身边
383,荒原
384,倍儿喜欢你
385,结局
386,灿烂的她
387,永不消逝的电波
388,时间牢笼
389,向阳·花
390,绝境逢生
391,三毛流浪记
392,匹夫
393,奋斗
394,野孩子
395,穆桂英挂帅
396,江湖儿女
397,夜奔
398,密室之不可告人
399,全员嫌疑人
400,这一次怪兽赢了
401,我的新野蛮女友
402,洪湖赤卫队
403,浮城谜事
404,重庆谈判
405,龙凤店
406,李献计历险记
407,黑猫警长之翡翠之星
408,醉拳3
409,长江图
410,一个陌生女人的来信
411,惊魂绣花鞋
412,好雨时节
413,饮食男女-好远又好近
414,老男孩猛龙过江
415,100%盐分
416,闭环
417,来日可期
418,逆战
419,我和吸铁石和一个死去的朋友
420,智取华山
421,大明劫
422,即日启程
423,林海雪原
424,负负得正
425,坐佛
426,霓虹灯下的哨兵
427,嗨海
428,初到东京
429,第三个人
430,特技狂人
431,温柔壳
432,你的快递是这么丢的
433,碑
434,怒水西流
435,三少爷的剑
436,红楼梦
437,奇袭白虎团
438,最佳嫌疑人
439,侦察兵
440,越来越好之村晚
441,请叫我英雄
442,少年与海
443,绝地战警：生死与共
444,红楼梦第一部：宝黛相会
445,我先说句公道话
446,史前怪兽
447,平原游击队
448,姊姊妹妹站起来
449,啊朋友还钱
450,南征北战
451,父母爱情
452,情况不妙
453,巧虎奇幻舞台历险记
454,致命感应
455,祝你幸福！
456,80'后
457,我11
458,山神
459,12秒58
460,红楼梦第二部：黛玉葬花
461,金钱堡垒
462,边城
463,那个不为人知的故事
464,静音
465,哪吒
466,黄金梦
467,南征北战 
468,命悬一枪
469,雷雨
470,脑洞大开
471,深夜前的五分钟
472,非狐外传
473,绑架游戏
474,愤怒的小孩
475,贝肯熊：火星任务
476,狼牙山五壮士
477,绝命航班
478,恶战
479,不说话的爱
480,羊城暗哨
481,全糖不加冰
482,淘气包马小跳
483,离婚了，就别再来找我
484,白毛女
485,孔雀
486,女活佛
487,恶行之外
488,六弄咖啡馆
489,风云儿女
490,萧红
491,笔仙3
492,保持通话
493,猪八戒吃西瓜
494,小城之春
495,一句顶一万句
496,真假美猴王
497,戒烟不戒酒
498,诸葛亮吊孝
499,朝阳沟
500,全城通缉
501,信号
502,一夜惊喜
503,野蛮秘笈
504,脱皮爸爸
505,喜盈门
506,边境线
507,瞧这一家子
508,电梯惊魂
509,垂帘听政
510,天使环
511,梁山伯与祝英台
512,五朵金花
513,守龙者
514,巴黎宝贝
515,地球居民
516,青魇
517,想飞的女孩
518,最好的相遇
519,三十六个字
520,说好不分手
521,高考1977
522,满意不满意
523,阴阳法王
524,索命逍遥楼
525,紧急迫降
526,东方红
527,林家铺子
528,人间世
529,仙帝归来
530,爸爸呀妈妈呀
531,天梯：蔡国强的艺术
532,三国志：关公（上）
533,蓝色骨头
534,做头
535,狼图腾
536,隋朝来客
537,北京人
538,荆棘鸟
539,灵魂伴侣
540,怨灵
541,黄沙漫天
542,秘密图纸
543,井冈山
544,浪漫风暴
545,老枪
546,我身体里有棵玉米
547,白幽灵传奇之绝命逃亡
548,孕产检查
549,飞虎队
550,出不去的房间
551,红河谷
552,渡江侦察记
553,天堂旅行团
554,孙悟空三打白骨精
555,少女哪吒
556,我这一辈子
557,绝地重生
558,谢谢小花猫
559,摇啊摇，摇到外婆桥
560,红日
561,英雄豪杰之苏乞儿
562,秋之白华
563,看车人的七月
564,紫日
565,雪豹和她的朋友们
566,上甘岭
567,巧虎魔法岛历险记
568,山水间
569,杜拉拉升职记
570,孤独星球
571,女驸马
572,神女
573,命中罪爱
574,时间贷
575,树，不能死
576,女人TAXI女人
577,小麻姑娘
578,鹬蚌相争
579,农奴
580,渔王
581,78初恋
582,战上海
583,七十二家房客
584,在人间
585,短剧
586,阿芙洛狄忒
587,谁是凶手
588,天堂回信
589,犯罪分子
590,我会好好的
591,聪明的鸭子
592,宴
593,离婚大战
594,繁星
595,毛泽东回韶山
596,孙中山
597,四季童年
598,守株人
599,喜剧明星
600,天工苏作
601,带路人
602,命运喜欢恶作剧
603,漂亮妈妈
604,捍卫者
605,马路天使
606,青松岭
607,宝葫芦的秘密
608,我知女人心
609,黄河绝恋
610,危
611,去看火车
612,黎明前的约会
613,姐姐·弟弟
614,非常幸运
615,山水情
616,在路上
617,红楼梦第三部：凤姐泼醋
618,阿凡提
619,守神
620,花为媒
621,洋子的困惑
622,快了
623,牧笛
624,形影不离
625,戴手铐的旅客
626,元帅之死
627,冰山上的来客
628,风雪山神庙
629,一条丝腰带
630,花漾
631,团圆
632,大学生轶事
633,抓壮丁
634,笔仙惊魂 
635,动画人的焦虑日常
636,新大头儿子和小头爸爸6：迷你大冒险
637,雷锋
638,斗鲨
639,我最好朋友的婚礼
640,红楼梦第六部：宝玉化石
641,人生，我自己选
642,激战无名川
643,最后一镖
644,愤怒
645,差不多
646,神笔
647,女人不坏
648,我和爸爸
649,血性山谷
650,不孤独的路
651,张思德
652,使徒行者
653,冥绝村
654,眉间尺
655,采蘑菇
656,触不可及
657,机智的山羊
658,来自汪星的你
659,天仙配
660,特工艾米拉
661,小燕子
662,世界上最疼我的那个人去了
663,鸡毛信
664,床下有人
665,小溪流
666,长发妹
667,没完没了
668,举目凝望
669,平原上的火焰
670,沁
671,血，总是热的
672,又是充满希望的一天
673,荡寇风云
674,野蛮人入侵
675,超时空救兵
676,闺蜜
677,肉桂薄荷
678,千杯不醉
679,车库
680,碟仙诡谭2
681,一盘没有下完的棋
682,终极忍者
683,三进山城
684,铸剑
685,逃出生天
686,八仙的传说
687,圣诞玫瑰
688,蒙太奇
689,三国志：关公（下）
690,红楼梦第四部：二尤惨死
691,青春冲动
692,多想和你再见一面
693,如此爹娘
694,武林志
695,金色的海螺
696,英雄坦克手
697,我是路人甲
698,古今大战秦俑情
699,珍珠塔
700,神奇马戏团之动物饼干
701,江山美人
702,鹿往何方
703,李小龙我的兄弟
704,孔雀公主
705,路
706,太祐
707,兵临城下
708,刘胡兰
709,椿
710,不怕贼惦记
711,千万不要忘记
712,夜店
713,赢家
714,DUST
715,窦娥冤
716,美国内战
717,巫山云雨
718,董存瑞
719,中俄列车大劫案 
720,王牌
721,克莱因瓶
722,常恐
723,桥
724,梦幻田园
725,八百壮士
726,我爱你
727,被控告的人
728,寂静
729,红楼梦第五部：晴雯夭亡
730,三宝闹深圳
731,走出西柏坡
732,台湾往事
733,马
734,十七岁的单车
735,女人国的污染报告
736,现世活宝
737,猫脸老太太
738,风流女谍
739,钢铁意志
740,鸳鸯腿
741,硬汉
742,武则天
743,英雄劫
744,上场
745,铁扇公主
746,蓝色爱情
747,今天·明天
748,芭啦芭啦樱之花
749,荒唐事件
750,日出后日落
751,渔光曲
752,聊斋·席方平
753,小八路
754,假装没感觉
755,狂蟒惊魂
756,不朽的园丁
757,生财有道
758,床下有人2
759,杨开慧
760,太太万岁
761,古刹钟声
762,再会长江
763,夕照街
764,第一次亲密接触
765,风筝
766,极夜追凶
767,碧血宝刀
768,深宵闪避球
769,龙之战
770,制服
771,征服者
772,半夜鸡叫
773,甲午风云
774,新兵马强
775,夜半歌声
776,英雄虎胆
777,杯子蛋糕
778,木棉袈裟
779,特混舰队在行动
780,怨灵2
781,保卫胜利果实
782,谁说我不在乎
783,长恨歌
784,太监秘史
785,恋爱恐慌症
786,血案疑踪
787,意外的恋爱时光
788,大唐玄奘
789,你好，妈妈
790,前哨
791,好朋友
792,大师兄
793,死去活来
794,抬花轿
795,小二黑结婚
796,樱
797,一半是火焰，一半是海水
798,都市和尚
799,暴风骤雨
800,倔强萝卜
801,月月
802,公交牌椰汁
803,铁道卫士
804,天狗
805,红领巾
806,光之子
807,我的少女时代
808,南海的早晨
809,黑山阻击战
810,宠物情人
811,控制
812,雾宅
813,龙马精神
814,危城之恋
815,追鱼
816,孤星计划
817,弟弟
818,珍珍的发屋
819,四个小伙伴
820,阿诗玛
821,虎穴追踪
822,三伏天
823,我是植物人
824,决战枭雄
825,做次有钱人
826,林则徐
827,武士
828,大电影2.0：两个傻瓜的荒唐事 
829,生日快乐
830,最近的远方
831,春节大联欢
832,一
833,武僧
834,夜色撩人
835,二十四城记
836,Busy Day
837,花木兰
838,大路
839,炼印
840,悬崖
841,不想和你有遗憾
842,一江春水向东流
843,二围马
844,女子别动队
845,老爷保号
846,古井凶灵
847,一天
848,无名三侠客
849,秦香莲
850,白鸽
851,普通人家
852,地下尖兵
853,武训传
854,我们村里的年轻人
855,啼笑皆非
856,与象同行
857,狐狸列那
858,摇滚英雄
859,摩登森林之美食总动员
860,我是你的，你是我的
861,楚留香后传之西门无恨
862,东进序曲
863,李双双
864,Evelyn
865,红粉
866,第二次握手
867,新娘大作战
868,脱轨时代
869,益西卓玛
870,翡翠麻将
871,口琴
872,兹心
873,海鹰
874,局
875,草原儿女
876,我们与书的距离
877,十五的月亮
878,山重水复
879,烈火中永生
880,大侦探
881,塑料方舟
882,柳堡的故事
883,万水千山
884,侠骨风流
885,南泥湾
886,李天保娶亲
887,牛郎织女
888,良家妇女
889,哀乐中年
890,西岳奇童
891,野火春风斗古城
892,魔术师的奇遇
893,三和一梦
894,重逢
895,代理市长
896,桐乡没有艳情
897,他们在相爱
898,苗苗
899,密语者
900,花花型警
901,贵妃醉酒
902,花季·雨季
903,井盖儿
904,露水红颜
905,无穷动
906,蝴蝶的微笑
907,斗鸡
908,超速
909,黑雪
910,山菊花
911,暴疯语
912,怕羞的黄莺
913,望春风
914,红色娘子军
915,女人世界
916,跟踪追击
917,突破乌江
918,界
919,神探驾到
920,槐树庄
921,家
922,银蛇谋杀案
923,渔童
924,51号兵站
925,斩断魔爪
926,出大事啦
927,飞跃地心
928,美人依旧
929,抓周
930,绿毛怪格林奇
931,七天七夜
932,知音
933,海阔天空
934,荒原杀手
935,万物同生
936,雄狮少年2
937,木兰从军
938,上海王
939,青春之歌
940,伤逝
941,锦上添花
942,卧虎
943,桃花扇
944,白求恩大夫
945,新局长到来之前
946,特快列车
947,清水湾，淡水湾
948,黑色走廊
949,我可不可以不是你的全部
950,丑男大翻身
951,求求你，表扬我
952,大名府
953,不再让你孤单
954,游园惊梦
955,十六毫米，十六千里
956,半夜叫你别回头
957,哑姑
958,魔窟生死恋
959,遭遇激情
960,云雾山中
961,恐怖电影院
962,摩登年代
963,熊出没·重启未来
964,延安游击队
965,泪洒姑苏
966,之一
967,山羊和狼
968,超级望望
969,烽火少年
970,春桃
971,今天我休息
972,虎兄豹弟
973,大武当之天地密码
974,谍海风云
975,宠物乐园
976,苏禄国王与中国皇帝（下）
977,光辉岁月
978,送你一片温柔
979,能人于四
980,孤儿泪
981,刘巧儿
982,打金枝
983,苦菜花
984,激浪青春
985,怨偶铠甲
986,千金
987,北国红豆
988,毒中毒
989,茉莉花开
990,苏禄国王与中国皇帝（上）
991,早春二月
992,天堂口
993,再见，在也不见
994,三毛学生意
995,杀戒
996,天罗地网
997,正义游戏
998,一掌雪
999,孔繁森
1000,红孩子
1001,橄榄球之夜
1002,革命历史歌曲表演唱
1003,武松
1004,李时珍
1005,战火中的青春
1006,开罗宣言
1007,临终囧事
1008,咒·丝
1009,三全其美
1010,莫须有
1011,升官记
1012,北戴河
1013,太阳的小客人
1014,英雄小八路
1015,伯爵夫人
1016,黑洞
1017,人体快递
1018,海霞
1019,致命的一击
1020,枪林恋曲
1021,西厢记
1022,定军山
1023,不了情
1024,粮食
1025,砂砾
1026,明日恐惧症
1027,理发师
1028,不能走那条路
1029,缉枪
1030,冒冒风险
1031,龙门
1032,龙江颂
1033,霹雳行动
1034,午夜心跳
1035,沙漠追匪记
1036,国庆十点钟
1037,回民支队
1038,打击侵略者
1039,乌鸦与麻雀
1040,春雨过境
1041,永春白鹤拳之擎天画卷
1042,钟声 
1043,山林中头一个女人
1044,相思女子客店
1045,木屋
1046,四十不惑
1047,大海在呼唤
1048,九千六百万双眼睛
1049,海上神鹰
1050,迷人的乐队
1051,日出原理
1052,寒夜
1053,钟鸣寒山寺
1054,嘿店
1055,陌生的朋友
1056,海外赤子
1057,牛郎寻织女
1058,黑白人间
1059,魅妆
1060,激战前夜
1061,小白鸽
1062,失信的村庄
1063,纸房子
1064,陈三两
1065,民警故事
1066,怒海威龙
1067,大李小李和老李
1068,金鞋
1069,城市游戏
1070,野猪林
1071,赵一曼
1072,鼓书艺人
1073,贞女
1074,马兰花
1075,站起来
1076,不要问我从哪里来
1077,梅花巾
1078,独身女人
1079,如意
1080,新女性
1081,笔仙撞碟仙
1082,朱门玉碎
1083,出门挣钱的人
1084,钢铁战士
1085,血色清晨
1086,林冲
1087,怒潮
1088,金陵之夜
1089,私人保镖
1090,歪打正着
1091,马可·波罗（上）
1092,望天水
1093,天网行动
1094,嘎小子
1095,天音
1096,特区打工妹
1097,乐乐熊奇幻追踪2
1098,停战以后
1099,红姑寨恩仇记
1100,功夫战斗机
1101,幸福不是毛毛雨
1102,太想爱你
1103,杨乃武与小白菜
1104,烽火列车
1105,我心依旧
1106,归宿
1107,徐秋影案件
1108,大宅男
1109,复仇女郎
1110,长空比翼
1111,神秘夫妻
1112,三八线上
1113,失恋者
1114,长大成人
1115,少年残像
1116,大有前途
1117,押解的故事
1118,小铃铛
1119,花姊妹风流债
1120,独立大队
1121,换了人间
1122,潜网
1123,杨门女将
1124,刮痧
1125,明姑娘
1126,与时尚同居
1127,痴情女子
1128,筒子楼
1129,防守反击
1130,无名岛
1131,对白
1132,至高无上
1133,勇士
1134,燎原
1135,猎仇者
1136,女明星秘史
1137,赛车传奇
1138,杜十娘
1139,草原英雄小姐妹
1140,夺虎连环计
1141,就这样，彗星撞上了地球
1142,手
1143,芙蓉女
1144,小白兔
1145,机密行动
1146,壮志凌云
1147,疯狂72小时
1148,夜半梳头
1149,嘻笑鸳鸯
1150,非常夏日
1151,金匾背后
1152,秋翁遇仙记
1153,女理发师
1154,后来
1155,两只小孔雀
1156,森林孤影
1157,一路有你
1158,军歌嘹亮
1159,赤峰号
1160,自首的爱
1161,无形的战线
1162,女神探宝盖丁
1163,月落玉长河
1164,吕梁英雄
1165,百变神偷
1166,夜幕惊魂
1167,都市枪手
1168,环游地球八十天
1169,村路带我回家
1170,怒海轻骑
1171,龙须沟
1172,云之子
1173,床下有人3
1174,阿娜尔罕
1175,无人喝彩
1176,大叔，我爱你
1177,偷猎者
1178,无间罪：僵尸重生
1179,财神到
1180,伤心童话
1181,一叶小舟
1182,寂静的山林
1183,金秋桂花迟
1184,我们村里的年轻人（续集）
1185,万家灯火
1186,勐垅沙
1187,新儿女英雄传
1188,皮包
1189,小太阳
1190,母亲
1191,结婚
1192,高中锋，矮教练
1193,家在水草丰茂的地方
1194,口腔溃疡
1195,关连长
1196,棒球父子兵
1197,冲破黎明前的黑暗
1198,孔夫子
1199,深度唤醒
1200,谁来倾听
1201,宋景诗
1202,逆光
1203,月蚀
1204,小诗人
1205,向前一步
1206,战火中的芭蕾
1207,英雄岛
1208,你的微笑
1209,箭杆河边
1210,红墙外
1211,夏日历险
1212,於我归兮
1213,离开雷锋的日子
1214,别墅灾星
1215,舞台姐妹
1216,忏悔
1217,紫禁城奇恋
1218,闯江湖
1219,战洪图
1220,大有
1221,白山黑水血溅红
1222,地下航线
1223,如梦
1224,梅子青时
1225,璀璨的婚礼
1226,鲁班的传说
1227,常州北
1228,红旗谱
1229,以革命的名义
1230,太阳底下
1231,中华女儿
1232,三年早知道
1233,同喜同喜
1234,在鲸鱼里游泳
1235,山伢仔
1236,海上风暴
1237,乔老爷上轿
1238,12次列车
1239,警魂
1240,奇异的婚配
1241,后羿射日
1242,完美假妻168
1243,白衣侠女
1244,情敌蜜月
1245,望穿秋水
1246,北京纽约
1247,花好月圆
1248,麦积山的呼唤
1249,打铜锣
1250,江山多娇
1251,笑过2012
1252,党的女儿
1253,猛警威龙辣椒妹
1254,破局
1255,勇士之门
1256,当时只道是寻常
1257,济公斗蟋蟀
1258,来不及爱你
1259,拓荒者的足迹
1260,李科长巧难炊事班
1261,幸运的人
1262,人民的战士
1263,小姑贤
1264,情义两重天
1265,西洋镜
1266,乘龙快婿
1267,微风吹过撒欢谷
1268,找乐
1269,妙探
1270,小玩意
1271,呼我
1272,关不住
1273,火山上的恋人
1274,扑不灭的火焰
1275,亲密关系
1276,夜玫瑰
1277,十五贯
1278,到青山那边去
1279,女篮五号
1280,姊妹劫
1281,九九艳阳天
1282,人参娃娃
1283,大西南凯歌
1284,湖上歌舞
1285,明亮的心
1286,岸边激浪
1287,海魂
1288,目标战
1289,芦荡小英雄
1290,人欢马叫
1291,返老还童
1292,出口
1293,马可·波罗（下）
1294,不拘小节的人
1295,长河落日
1296,醉后一夜
1297,丹心谱
1298,泥人常传奇
1299,寻找李想
1300,自有后来人
1301,春
1302,冬至
1303,牧童投军
1304,湖上的斗争
1305,光语者
1306,女司机
1307,龙年警官
1308,玩命
1309,春天的狂想
1310,家在时光深处
1311,双珠凤
1312,驶离长夜
1313,既然青春留不住
1314,枯木逢春
1315,金沙江畔
1316,风雪大别山
1317,少年“橄”梦
1318,没有完成的喜剧
1319,长虹号起义
1320,“宝贝”小偷与大盗
1321,黑眼睛
1322,画中人
1323,十字街头
1324,南岛风云
1325,哥俩好
1326,红鞋子
1327,三滴血
1328,神秘的旅伴
1329,鬼话
1330,碧海丹心
1331,嘎达梅林
1332,格兰特船长的儿女
1333,红鹰
1334,千钧。一发
1335,玫瑰天涯
1336,逆风千里
1337,拾棉花
1338,封门诡影
1339,倔强的凯拉班
1340,可可的魔伞
1341,一个死者对生者的访问
1342,草原雄鹰
1343,这决不是小事情
1344,昨天
1345,奶奶的一月
1346,红尘
1347,37次想你
1348,骑士的荣誉
1349,爱情银行
1350,水手长的故事
1351,亲密敌人
1352,星期五晚上的胡萝卜
1353,电影往事
1354,情谜
1355,盛夏和她的未婚夫
1356,兔子凌波微步
1357,李二嫂改嫁
1358,老婆万岁
1359,警门虎子
1360,冼星海
1361,千年
1362,李可乐寻人记
1363,蜜蜂与蚯蚓
1364,困兽
1365,她/他
1366,天井里的年
1367,密道追踪之阴兵虎符
1368,越剧菁华
1369,小树和她的影子
1370,笑傲神探
1371,一棵大白菜
1372,云端城堡
1373,一百个放心
1374,万木春
1375,疑案忠魂
1376,大地重光
1377,雁鸿岭下
1378,荒山泪
1379,八千里路云和月
1380,两家人
1381,人民的巨掌
1382,洞箫横吹
1383,摩雅傣
1384,嘉陵江边
1385,信徒
1386,水饺皇后
1387,还魂之迷失曼谷
1388,彭山消暑记
1389,茉莉
1390,日本间谍
1391,扁担·姑娘
1392,宇宙晚安
1393,友谊
1394,小刀会
1395,半夜不要照镜子
1396,五更寒
1397,爱情傻瓜
1398,生死恨
1399,小城迷雾
1400,革命家庭
1401,爷爷的冬天
1402,天堂凹
1403,暴风中的雄鹰
1404,翠岗红旗
1405,生死拍档
1406,巡航者
1407,警界英雄
1408,沙漠里的战斗
1409,上海姑娘
1410,十三陵水库畅想曲
1411,东风
1412,笑逐颜开
1413,神奇
1414,兔儿爷
1415,戴假发的人
1416,一幅僮锦
1417,警犬救护队
1418,第一列快车
1419,红河激浪
1420,一颗红心
1421,梅兰芳的舞台艺术
1422,都市风光
1423,冬梅
1424,火山情血
1425,狼山喋血记
1426,陕北牧歌
1427,告亲夫
1428,上饶集中营
1429,紫娃
1430,胜利重逢
1431,安丽小姐
1432,木头姑娘
1433,生死同心
1434,春暖花开
1435,分水岭
1436,持相机的猎手
1437,带兵的人
1438,庙街公主
1439,年
1440,加班，见鬼了
1441,枕边有张脸
1442,孤城烈女
1443,烈火真金
1444,卡冈图雅
1445,雪海银山
1446,白衣战士
1447,山间铃响马帮来
1448,六号门
1449,群魔
1450,水耀日
1451,每天朝山顶推一秒的石头
1452,寇准背靴
1453,怨灵人偶
1454,那晚十点的事
1455,桃李劫
1456,土地
1457,惊恐时分
1458,猴龟分树
1459,新旧上海
1460,军火
1461,渡江探险
1462,红珊瑚
1463,脚印
1464,查无此人
1465,扒瓜园
1466,落水记
1467,阿狸
1468,完美超越
1469,伞下
1470,求我的心理阴影面积
1471,老兵新传
1472,聂耳
1473,护士日记
1474,爱情钥匙
1475,云中落绣鞋
1476,战斗里成长
1477,漂流
1478,山村姐妹
1479,百年情书
1480,二月三十日
1481,少女灵异日记
1482,少年梦之夏
1483,布谷鸟又叫了
1484,幸运的星
1485,我叫成蛟龙
1486,哥哥和妹妹
1487,盲女与花猫
1488,夸口的青蛙
1489,万紫千红总是春
1490,罗汉钱
1491,有人偏偏爱上我
1492,闯入者
1493,二月十三
1494,保护者
1495,等明天
1496,牧童与公主
1497,尤三姐
1498,顶多七天
1499,红军桥
1500,女飞行员
1501,为了和平
1502,女跳水队员
1503,墙头马上
1504,海囚（上）
1505,浪漫街头
1506,好人大冯
1507,椰林曲
1508,走神
1509,血彩
1510,第九号悬案
1511,飞越天险
1512,野林
1513,如若再见
1514,王老五
1515,星夜归途
1516,节振国
1517,天竺山传奇
1518,开心哆来咪
1519,冲喜
1520,菜鸟
1521,帝国秘符
1522,铁窗烈火
1523,最后的爱，最初的爱
1524,昆仑铁骑
1525,自生塔
1526,伞
1527,农家乐
1528,生命如歌
1529,混江龙李俊
1530,新年快乐
1531,还魂记
1532,二月十四
1533,球迷
1534,关汉卿
1535,谁是被抛弃的人
1536,粉红色的梦
1537,红美丽
1538,新生
1539,黎明的河边
1540,自由之路
1541,春天来了
1542,沙家店粮站
1543,红梅花开
1544,患难之交
1545,马兰花开
1546,芦笙恋歌
1547,陈三五娘
1548,姊妹花
1549,情探
1550,点亮欧洲
1551,飞刀华
1552,若穗至
1553,路边新事
1554,法官妈妈
1555,北大荒人
1556,腐蚀
1557,汾水长流
1558,春雷
1559,出走的少女
1560,野外的遭遇
1561,为了六十一个阶级弟兄
1562,松花江上
1563,拯救爱情
1564,洛神
1565,过过过年
1566,母与子
1567,行星漫步
1568,英雄司机
1569,洞天
1570,借东风
1571,布谷鸟叫迟了
1572,一天一夜
1573,望江亭
1574,她已失去
1575,如此多情
1576,苗家儿女
1577,服务员
1578,人生何处不相逢
1579,砍柴姑娘
1580,蝴蝶杯
1581,陶宝萍的幸福生活
1582,红鹰展翅
1583,年青的一代
1584,春催桃李
1585,蚕花姑娘
1586,探亲记
1587,兰纳月
1588,红色的种子
1589,流水欢歌
1590,一贯害人道
1591,夏天的故事
1592,红领巾的故事
1593,旅程
1594,农家宝
1595,春水
1596,儿女亲事
1597,银飞路普
1598,刺客行动之赤胆英雄
1599,胡杨的夏天
1600,鸽子
1601,金玉姬
1602,搜书院
1603,辽远的乡村
1604,表白吧！在毕业前
1605,海囚（下）
1606,背起爸爸上学
1607,小白旗的风波
1608,兄妹探宝
1609,妈妈要我出嫁
1610,留下他打老蒋吧
1611,潘杨讼
1612,达吉和她的父亲
1613,登月之旅
1614,复试
1615,天山的红花
1616,大奖章
1617,水乡的春天
1618,天下无敌掌门人
1619,血碑
1620,注定爱你
1621,收银台
1622,浪涛滚滚
1623,门开九重
1624,小扬纪年
1625,9076号档案
1626,冰雪金达莱
1627,南海潮
1628,巴山红浪
1629,昆仑山上一棵草
1630,星星之火
1631,草原晨曲
1632,浪淘沙
1633,春风吹到诺敏河
1634,雾海夜航
1635,鸾凤和鸣
1636,熊猫少年
1637,池鱼
1638,迷途的羔羊
1639,姑嫂练武
1640,渔岛之子
1641,来咧
1642,刺客行动之双雄对决
1643,苍茫的天涯是我的爱
1644,小足球队
1645,黄浦江故事
1646,江南平寇记
1647,风雨江南
1648,女社长
1649,小伙伴
1650,逐影猎手
1651,太阳刚刚出山
1652,没问题先生
1653,棕色夜晚
1654,丽人行
1655,驼峰上的爱
1656,景颇姑娘
1657,敢想敢做的人
1658,太阳花
1659,生命的火花
1660,列兵邓志高
1661,北国江南
1662,卫国保家
1663,伤疤的故事
1664,二月四日
1665,青年鲁班
1666,厨子问号英雄？
1667,万紫千红
1668,马可菠萝瓶的返乡奇遇
1669,生机卯发
1670,耕云播雨
1671,周信芳的舞台艺术
1672,草原风暴
1673,柯山红日
1674,船厂追踪
1675,遥远的爱
1676,三个母亲
1677,SOS村
1678,塞上风云
1679,刘明珠
1680,余健的想法
1681,英雄诗篇
1682,呼呼
1683,为什么留鸟会飞离海岸
1684,小哥儿俩
1685,野游
1686,她的画布
1687,春水长流
1688,一场风波
1689,十级浪
1690,妇女代表
1691,金铃传
1692,蔡皋—中国绘本拓荒者
1693,压岁钱
1694,丰收之后
1695,大风浪里的小故事
1696,路考
1697,新的一课
1698,山里的人
1699,阿福寻宝记
1700,方珍珠
1701,青春的园地
1702,游乡
1703,枕边有张脸2
1704,红霞
1705,红旗歌
1706,共和国之旗
1707,光芒万丈
1708,荼靡
1709,沉重塑料
1710,日月同辉
1711,休眠火山
1712,洁白的哈达
1713,大地赤子史来贺
1714,走向新中国
1715,三勘蝴蝶梦
1716,精卫填海
1717,并肩前进
1718,纪念日
1719,大团圆
1720,五好大院
1721,刺客行动之义胆雄心
1722,信息洞
1723,葡萄熟了的时候
1724,还乡日记
1725,春回又春
1726,春满人间
1727,相思树
1728,猛河的黎明
1729,穆桂英大战洪州
1730,红花曲
1731,二月七日
1732,失眠症
1733,和平保卫者
1734,拼车
1735,丰收
1736,兰兰和冬冬
1737,生活的浪花
1738,渔家女
1739,五朵红云
1740,乔太守乱点鸳鸯谱
1741,凤凰之歌
1742,谁的本领大
1743,春燕展翅
1744,心连心
1745,蓝蓝的天上白云飘
1746,明末遗恨
1747,水上春秋
1748,庵堂认母
1749,金银滩
1750,二百五小传
1751,快马加鞭
1752,东坡时节
1753,传声
1754,内蒙人民的胜利
1755,郊游
1756,康苑巷33号
1757,不要开始这场比赛
1758,黄沙绿浪
1759,二度梅
1760,余暮之歌
1761,鄂尔多斯风暴
1762,山村新曲
1763,逢春
1764,宋士杰
1765,送叹
1766,牧人之子
1767,拆散的花瓣
1768,两个巡逻兵
1769,她爱上了故乡
1770,大萝卜
1771,不狂想曲
1772,拉布机
1773,在前进的道路上
1774,回到自己队伍来
1775,天明
1776,百凤朝阳
1777,尚小云的舞台艺术
1778,结果
1779,高歌猛进
1780,一部鸿篇巨制的诞生
1781,传枪记
1782,联华交响曲
1783,团结起来到明天
1784,青春的脚步
1785,脂粉市场
1786,慧眼丹心
1787,马戏团的新节目
1788,葛麻
1789,天山歌声
1790,钢珠飞车
1791,钻戒
1792,天堂春梦
1793,黄河飞渡
1794,短暂停留
1795,寻爱记
1796,摩登女性
1797,二月二十二日
1798,新旧时代
1799,光荣人家
1800,永恒的友谊
1801,新闺怨
1802,毛子佩闯宫
1803,远方星火
1804,今夜今夜多烦忧
1805,淮上人家
1806,家庭问题
1807,表
1808,两家春
1809,希望在人间
1810,如此繁华
1811,羌笛颂
1812,三个战友
1813,骑到AI背上去
1814,庵堂相会
1815,太平春
1816,情感的哺乳动物
1817,人小志大
1818,飞翔的马拉糕
1819,民主青年进行曲
1820,冬日追逐
1821,暑假的礼物
1822,莫负青春
1823,三关排宴
1824,罗小林的决心
1825,趣说经典之论语学堂
1826,无穷的潜力
1827,百岁挂帅
1828,借亲配
1829,母性之光
1830,相思债
1831,哈森与加米拉
1832,舞祀
1833,春香闹学
1834,春到人间
1835,世界儿女
1836,热烈
1837,青年进行曲
1838,闽江橘子红
1839,我们的2023333
1840,大家庭的主妇
1841,金好的故事
1842,老保管
1843,二月十一日
1844,东风第一枝
1845,一件提案
1846,拾玉镯
1847,球场风波
1848,海上漂泊的云
1849,宣誓！宣誓！
1850,拖车人生
1851,长恨天
1852,韩江花似锦
1853,晚高峰
1854,夫妇进行曲
1855,人往高处走
1856,临夏西顾
1857,休
1858,笔底烟花
1859,民兵的儿子
1860,再见英州
1861,结婚交响曲
1862,阿迪力和他的火星朋友
1863,两个小足球队
1864,工地青年
1865,曾西曾奈
1866,红叶题诗
1867,当男人怀疑时
1868,赵小兰
1869,冰上姐妹
1870,福德里四号
1871,蓝桥会
1872,莺飞人间
1873,母女教师
1874,碧空银花
1875,玉米的歌声
1876,心源
1877,云端的秘密
1878,炉火正红
1879,五彩路
1880,灼夏
1881,三朵小红花
1882,简丹的摇滚计划
1883,叔叔的Rock一夏！
1884,新队员
1885,身边的“武林”
1886,中国的木偶艺术
1887,两代人
1888,一壶水的时间
1889,恋人絮语
1890,年保玉则
1891,冬奥会上的中国声音
1892,女审
1893,盖叫天的舞台艺术
1894,爱厂如家
1895,金子
1896,孙安动本
1897,留住汉宫春
1898,团圆之后
1899,钝器锋利
1900,宝山之歌
1901,独春天
1902,双教子
1903,开智的公园
1904,明日往事
1905,蓓蕾初开
1906,秦娘美
1907,二月十二日
1908,诞辰
1909,再生记
1910,齐王求将
1911,空印盒
1912,蓝色毛球
1913,找海
1914,月食日
1915,她的距离
1916,唤醒石头里存在的生命
1917,情长谊深
1918,贺公堂
1919,120
1920,地下室拍摄始末
1921,桑榆暮影
1922,日尔脚山的罗德清
1923,浅蓝的岸
1924,硅基时代
1925,新掌门 天地帷幕
1926,狮岭夏日
1927,新掌门—驭风之日
1928,船·承
1929,那山那园
1930,再见，王家满
1931,最后一支舞
1932,相忘
1933,大红摩托
1934,桥洞画家吴大村
1935,夜的综合征
1936,日南至
1937,别梦
1938,棉芯
1939,父辈的梦想
1940,黄粱
1941,城市人的猜想
1942,咪侬
1943,对窗
1944,天之限
1945,海边晚餐
1946,一切
1947,金银世界
1948,帆影漫舞
1949,如歌之恋
1950,亲密修辞
1951,况且你听
1952,瑞康里
1953,还是觉得你最好
1954,算死草
1955,九龙城寨之围城
1956,十万火急
1957,老夫子
1958,超级整蛊霸王
1959,新僵尸先生
1960,少林搭棚大师
1961,我是谁
1962,笑傲江湖2：东方不败
1963,门徒
1964,金枝玉叶
1965,银翼杀手
1966,天官赐福
1967,破·地狱
1968,中国超人
1969,荒野猎人
1970,水儿武士
1971,赤裸特工
1972,摩登仙履奇缘
1973,一个好人
1974,醉拳2
1975,东方不败之风云再起
1976,笑林小子2：新乌龙院
1977,断网
1978,人皮灯笼
1979,千王之王2000
1980,武馆
1981,女儿国 
1982,东邪西毒
1983,流星蝴蝶剑
1984,古惑仔2之猛龙过江
1985,古惑仔之人在江湖
1986,深海浩劫
1987,追缉
1988,神探
1989,警察故事4：简单任务
1990,边境杀手
1991,鬼咬鬼
1992,98古惑仔之龙争虎斗
1993,夜半无人尸语时
1994,鬼打鬼之黄金道士
1995,中南海保镖
1996,乾隆皇与三姑娘
1997,红番区
1998,97古惑仔战无不胜
1999,少林三十六房
2000,亚飞与亚基
2001,行运一条龙
2002,五月之恋
2003,洪熙官
2004,甜蜜蜜
2005,新独臂刀
2006,新精武门1991
2007,回转寿尸
2008,水浒传
2009,麦兜故事
2010,乾隆下江南
2011,少年派的奇幻漂流
2012,胜者为王
2013,求爱敢死队
2014,猎魔者
2015,年少日记
2016,掌门人
2017,新扎师妹
2018,唐山大兄
2019,天若有情
2020,超级战舰
2021,父子
2022,危机航线
2023,一本漫画闯天涯
2024,爆裂刑警
2025,精装追女仔之2
2026,鬼马飞人
2027,倚天屠龙记
2028,新古惑仔之少年激斗篇
2029,冲锋队之怒火街头
2030,桃姐
2031,神雕侠侣
2032,没有老公的日子
2033,脂粉双雄
2034,古墓丽影2
2035,神勇双妹唛
2036,赌圣3：无名小子
2037,倩女幽魂
2038,变身超人
2039,火烧岛
2040,天使出更
2041,女校春色
2042,龙在天涯
2043,蜡笔小小生
2044,阴阳路
2045,超级计划
2046,无敌反斗星
2047,僵尸训练营
2048,多情剑客无情剑
2049,摩天营救
2050,和平饭店
2051,至尊一剑
2052,绝代双骄
2053,血滴子
2054,缘份
2055,大醉侠
2056,圣何塞谋杀案
2057,精舞门
2058,生人勿近之问米
2059,新扎师妹2
2060,梅艳芳
2061,5月天诺亚方舟
2062,侠女
2063,错过你的那些年
2064,早熟
2065,女人，四十
2066,十兄弟
2067,忍者兵
2068,Thunderbolt Fantasy 东离剑游纪 西幽玹歌
2069,怪谈协会
2070,倚天屠龙记大结局
2071,富贵黄金屋
2072,女人心
2073,追男仔
2074,梁祝
2075,龙少爷
2076,车神
2077,笑太极
2078,笑林小子
2079,花月佳期
2080,朱丽叶与梁山伯
2081,阴阳路2：我在你左右
2082,出笼马骝
2083,天蚕变
2084,龙门客栈
2085,绝代双骄 
2086,霹雳火
2087,少林与武当
2088,楚留香
2089,铁拳
2090,三闯少林
2091,天地玄门 
2092,金玉良缘红楼梦
2093,十八般武艺
2094,独家试爱
2095,扑克王
2096,五郎八卦棍
2097,壁虎
2098,碧血剑
2099,飞狐外传
2100,霹雳十杰
2101,阴阳路5：一见发财
2102,倾城之恋
2103,群龙戏凤
2104,龙在边缘
2105,流水落花
2106,广东五虎之铁拳无敌孙中山
2107,逆光飞翔
2108,溶尸奇案
2109,百分百感觉
2110,恐怖热线之大头怪婴
2111,八两金
2112,黄飞鸿之五：龙城歼霸
2113,残缺
2114,白玉老虎
2115,萧十一郎
2116,妈妈，晚餐吃什么？
2117,少林英雄榜
2118,疯猴
2119,庙街故事
2120,神经刀与飞天猫
2121,英雄好汉
2122,西城童话
2123,真的爱你
2124,精灵变
2125,辣手神探
2126,大刺客
2127,南少林与北少林
2128,青蛙王子
2129,中国龙
2130,摩登笑探
2131,2人三足
2132,奇迹男孩
2133,天若有情2之天长地久
2134,偷偷爱你
2135,千王情人
2136,梦醒时分 
2137,风尘三侠
2138,广东十虎与后五虎
2139,广东靓仔玉
2140,蝙蝠传奇
2141,十字锁喉手
2142,陆阿采与黄飞鸿
2143,天地拳王
2144,看不见的朋友
2145,旺角揸Fit人
2146,鬼屋丽人
2147,埋伏
2148,卒仔抽车
2149,左麟右李
2150,徐老虎与白寡妇
2151,一颗红豆
2152,情人看刀
2153,火烧少林寺
2154,新飞狐外传
2155,爆笑角斗士
2156,一见钟情
2157,半支烟
2158,拳击
2159,出租家人
2160,孔雀王朝
2161,少年苏乞儿
2162,念念
2163,新难兄难弟
2164,学校霸王
2165,大旗英雄传
2166,失业皇帝
2167,神偷燕子李三
2168,超级无敌追女仔 
2169,女巡按
2170,独臂刀
2171,新流星蝴蝶剑
2172,第七谎言
2173,浣花洗剑
2174,女侠黑蝴蝶
2175,播种情人
2176,大刀王五
2177,奔向彩虹
2178,诡才之道
2179,靓足100分
2180,咖啡时光
2181,日劫
2182,水晶人
2183,新不了情
2184,游龙戏凤
2185,偶然
2186,誓不忘情
2187,下一站…天后
2188,红粉动江湖
2189,夏日情未了
2190,月牙儿
2191,有情饮水饱
2192,美国牧歌
2193,神偷谍影
2194,豪侠传
2195,等着你回来
2196,花城
2197,我要活下去
2198,好男好女
2199,背叛师门
2200,南国再见，南国
2201,一念无明
2202,弟子也疯狂
2203,救世神棍
2204,钟馗娘子
2205,仙乐飘飘
2206,龙门金剑
2207,黄大仙乌鼠
2208,异域之末路英雄
2209,仙女下凡
2210,希望之国
2211,洪拳大师
2212,王昭君
2213,飞虎雄心
2214,骨妹
2215,猎魔群英
2216,谁可相依
2217,失业生
2218,五毒天罗
2219,鲁冰花
2220,816
2221,千娇百媚
2222,青苔
2223,影子神鞭
2224,儿女是我们的
2225,爱的世界
2226,档案X杀人犯
2227,龙虎会风云
2228,南北狮王
2229,龙虎少爷
2230,野·良犬
2231,虎胆
2232,黄飞鸿义取丁财炮
2233,万古流芳
2234,上海1920
2235,王牌情敌
2236,浑身是胆
2237,飞越谜情
2238,鳄鱼河
2239,鸡排英雄
2240,异冢
2241,边城三侠
2242,瀛台泣血
2243,铁头皇帝
2244,飞一般爱情小说
2245,百分百啱Feel
2246,貂蝉
2247,万花迎春
2248,虎度门
2249,仙人掌
2250,刺马
2251,月朦胧鸟朦胧
2252,缉毒先锋
2253,完全结婚手册
2254,兰姨
2255,长辈
2256,我的野蛮同学
2257,大卫与天使
2258,我的淘气男友
2259,花心大少
2260,全职大盗
2261,屠龙擒魔
2262,烽火万里情
2263,真心话
2264,飞越危墙
2265,飞燕金刀
2266,复身犯
2267,爱在香港
2268,花团锦簇
2269,鱼惘
2270,错点鸳鸯
2271,预谋猎杀
2272,欢乐时光
2273,英雄无泪
2274,大劫案
2275,傻傻爱你，傻傻爱我
2276,天台的月光
2277,祖孙情
2278,插翅难飞
2279,疯狂粉丝王
2280,教头
2281,花街时代
2282,霹雳拳
2283,天旋地恋
2284,七月十四
2285,庙街十二少
2286,夕阳恋人
2287,愤怒青年
2288,单程路
2289,皇家大贼
2290,超索型警
2291,嫲嫲帆帆
2292,危情追踪
2293,清宫启示录
